Name,Age,Salary,Gender,Department,Position,Joining Date,Performance Score,Email,Phone Number
 Grace ,25,50000,Male,HR,Manager,2018-04-05,D,email@example.com,000-000-0000
 David ,30,65000,Female,Finance,Director,,F,user@domain.com,123-456-7890
 Hannah ,35,60000,Female,Sales,Director,,C,email@example.com,098-765-4321
 Eve ,30,50000,Female,IT,Manager,2018-04-05,A,name@company.org, 
 Grace ,30,60216,Female,Finance,Manager,,F,name@company.org,098-765-4321
 Jack ,30,65000,Other,Marketing,Director,,F,user@domain.com,000-000-0000
 Charlie ,30,50000,Male,Marketing,Clerk,,B,no_email@example.com,123-456-7890
 Grace ,40,50000,Other,HR,Director,,C,no_email@example.com, 
 Hannah ,40,60000,Female,Marketing,Manager,,C,user@domain.com,123-456-7890
 Eve ,30,60216,Other,Finance,Assistant,,A,no_email@example.com, 
 David ,25,70000,Male,Marketing,Analyst,,B,no_email@example.com,123-456-7890
 Hannah ,30,70000,Other,Finance,Assistant,,A,no_email@example.com,000-000-0000
 Hannah ,30,50000,Male,IT,Assistant,2018-04-05,D,no_email@example.com, 
 Charlie ,25,55000,Other,HR,Manager,,F,no_email@example.com,555-555-5555
 Frank ,50,60216,Male,Marketing,Director,,A,no_email@example.com,123-456-7890
 Eve ,35,65000,Male,Finance,Clerk,2018-04-05,F,no_email@example.com,123-456-7890
 Bob ,40,55000,Female,Sales,Assistant,,B,no_email@example.com,098-765-4321
 Hannah ,50,55000,Male,HR,Director,2018-04-05,D,user@domain.com, 
 Frank ,25,60216,Female,IT,Clerk,,B,email@example.com,555-555-5555
 Bob ,50,50000,Female,Finance,Assistant,,D,user@domain.com,000-000-0000
 Eve ,35,50000,Female,IT,Clerk,,D,email@example.com,098-765-4321
 Alice ,25,50000,Other,IT,Director,2018-04-05,F,user@domain.com,555-555-5555
 Jack ,50,50000,Other,Marketing,Analyst,2018-04-05,B,email@example.com, 
 Frank ,40,70000,Other,Marketing,Director,,B,email@example.com,555-555-5555
 Ivy ,40,50000,Other,Finance,Manager,2018-04-05,A,name@company.org,123-456-7890
 Alice ,30,70000,Male,Sales,Clerk,,B,email@example.com,123-456-7890
 Jack ,50,70000,Male,Finance,Analyst,,A,email@example.com,098-765-4321
 Charlie ,30,50000,Other,Sales,Clerk,,C,name@company.org, 
 Grace ,50,60000,Male,IT,Clerk,,C,no_email@example.com, 
 David ,25,65000,Male,HR,Assistant,,C,no_email@example.com,555-555-5555
 Ivy ,25,55000,Female,Finance,Manager,,B,name@company.org,098-765-4321
 Charlie ,50,70000,Female,Finance,Clerk,,B,no_email@example.com, 
 Eve ,35,60216,Female,Sales,Director,,A,email@example.com,123-456-7890
 Charlie ,40,60216,Female,IT,Director,2018-04-05,D,email@example.com,555-555-5555
 Grace ,25,65000,Male,IT,Assistant,,A,name@company.org,000-000-0000
 Eve ,40,60216,Other,Sales,Manager,,C,name@company.org,123-456-7890
 Ivy ,25,60000,Male,IT,Manager,,A,no_email@example.com,098-765-4321
 Grace ,30,60216,Male,Marketing,Director,,D,no_email@example.com, 
 Bob ,30,55000,Male,HR,Analyst,,B,user@domain.com,123-456-7890
 David ,25,55000,Female,Finance,Assistant,,A,no_email@example.com,000-000-0000
 Ivy ,40,70000,Female,HR,Assistant,2018-04-05,C,email@example.com,000-000-0000
 Bob ,30,50000,Female,Finance,Director,,C,name@company.org,098-765-4321
 Jack ,25,60000,Other,Marketing,Director,,B,no_email@example.com,123-456-7890
 Ivy ,35,70000,Male,IT,Analyst,,A,no_email@example.com,555-555-5555
 Jack ,30,60000,Other,Sales,Analyst,,D,no_email@example.com,123-456-7890
 Eve ,25,50000,Female,Marketing,Manager,,B,no_email@example.com,000-000-0000
 Bob ,30,60216,Other,HR,Assistant,,A,email@example.com,098-765-4321
 David ,35,60216,Male,Sales,Assistant,,F,user@domain.com,098-765-4321
 Grace ,50,50000,Male,IT,Director,,C,no_email@example.com,555-555-5555
 Hannah ,30,70000,Female,Marketing,Manager,,D,no_email@example.com,098-765-4321
 Charlie ,30,50000,Female,Sales,Assistant,2018-04-05,D,user@domain.com,098-765-4321
 Alice ,35,65000,Other,Marketing,Manager,,D,no_email@example.com,098-765-4321
 David ,30,55000,Female,Marketing,Manager,,C,no_email@example.com,098-765-4321
 Bob ,35,70000,Female,IT,Director,,A,no_email@example.com,098-765-4321
 Hannah ,25,60000,Male,Finance,Manager,,B,no_email@example.com,000-000-0000
 David ,35,65000,Female,Sales,Analyst,,A,user@domain.com,123-456-7890
 Bob ,35,70000,Female,IT,Analyst,,B,email@example.com, 
 Frank ,30,50000,Male,Marketing,Clerk,2018-04-05,D,no_email@example.com,098-765-4321
 Frank ,35,50000,Male,IT,Director,2018-04-05,A,email@example.com, 
 Jack ,35,50000,Other,Finance,Clerk,2018-04-05,D,user@domain.com, 
 David ,50,50000,Female,Sales,Analyst,2018-04-05,F,user@domain.com,000-000-0000
 Frank ,25,60000,Male,Finance,Clerk,,D,no_email@example.com,098-765-4321
 Bob ,30,65000,Other,HR,Director,,D,no_email@example.com, 
 Jack ,50,60216,Other,Sales,Director,,B,name@company.org,098-765-4321
 Bob ,40,55000,Female,Finance,Manager,2018-04-05,F,user@domain.com,555-555-5555
 Jack ,25,60000,Female,Marketing,Assistant,,D,no_email@example.com,555-555-5555
 David ,25,60000,Other,Sales,Manager,2018-04-05,D,email@example.com,555-555-5555
 Hannah ,40,60216,Male,Sales,Director,,F,no_email@example.com, 
 Grace ,35,60216,Other,IT,Analyst,,F,email@example.com,555-555-5555
 Ivy ,50,55000,Female,Marketing,Analyst,,A,user@domain.com,000-000-0000
 Hannah ,30,55000,Male,HR,Manager,,B,user@domain.com,000-000-0000
 Eve ,30,60216,Male,Finance,Director,,F,email@example.com, 
 Bob ,30,50000,Other,IT,Analyst,,F,user@domain.com,098-765-4321
 Eve ,40,60000,Female,Finance,Director,,C,no_email@example.com,123-456-7890
 Hannah ,25,70000,Other,HR,Analyst,,F,user@domain.com,098-765-4321
 Jack ,25,55000,Other,HR,Director,2018-04-05,B,no_email@example.com,098-765-4321
 Ivy ,30,55000,Other,Sales,Clerk,2018-04-05,D,no_email@example.com,098-765-4321
 Ivy ,25,60216,Male,HR,Director,,D,name@company.org,098-765-4321
 Alice ,25,65000,Male,Finance,Director,2018-04-05,D,user@domain.com,123-456-7890
 Ivy ,30,70000,Female,Marketing,Manager,,D,user@domain.com,555-555-5555
 Grace ,50,70000,Female,Marketing,Clerk,2018-04-05,C,no_email@example.com,098-765-4321
 Ivy ,50,55000,Other,Sales,Assistant,,F,no_email@example.com,000-000-0000
 Hannah ,30,50000,Other,Finance,Manager,,D,email@example.com, 
 Alice ,40,65000,Other,Finance,Assistant,,A,email@example.com, 
 Hannah ,25,70000,Female,HR,Analyst,,D,email@example.com,000-000-0000
 Hannah ,25,55000,Male,Finance,Assistant,,F,no_email@example.com,098-765-4321
 Charlie ,40,70000,Male,IT,Director,,D,email@example.com,123-456-7890
 Alice ,50,65000,Other,HR,Assistant,,C,email@example.com,555-555-5555
 Hannah ,35,65000,Other,IT,Manager,,B,name@company.org, 
 Charlie ,35,60000,Other,Sales,Manager,,B,email@example.com,555-555-5555
 Charlie ,35,60216,Other,Marketing,Assistant,,F,user@domain.com,123-456-7890
 Alice ,50,60216,Female,Sales,Manager,,B,no_email@example.com, 
 Eve ,50,55000,Male,Marketing,Manager,,B,no_email@example.com,555-555-5555
 Jack ,40,65000,Other,Sales,Assistant,,A,name@company.org,123-456-7890
 Grace ,25,60000,Female,Finance,Clerk,,F,no_email@example.com,555-555-5555
 Jack ,40,60000,Other,IT,Clerk,,F,no_email@example.com,098-765-4321
 Ivy ,40,70000,Other,Marketing,Analyst,,B,user@domain.com,123-456-7890
 Grace ,50,70000,Male,HR,Manager,,B,email@example.com,555-555-5555
 Ivy ,35,60000,Other,IT,Assistant,2018-04-05,B,user@domain.com,098-765-4321
 Hannah ,30,70000,Male,HR,Manager,,C,email@example.com,098-765-4321
 Bob ,25,65000,Male,IT,Director,,D,email@example.com,123-456-7890
 Alice ,50,50000,Male,IT,Manager,,C,no_email@example.com,000-000-0000
 Grace ,35,65000,Female,Sales,Manager,,F,email@example.com, 
 Grace ,30,60000,Female,Marketing,Clerk,,A,name@company.org,123-456-7890
 Hannah ,30,60000,Male,Marketing,Assistant,2018-04-05,D,name@company.org,098-765-4321
 Eve ,50,65000,Other,IT,Manager,,A,name@company.org,098-765-4321
 Charlie ,30,70000,Male,Finance,Clerk,,F,no_email@example.com,123-456-7890
 Hannah ,25,70000,Other,Finance,Analyst,,F,user@domain.com,000-000-0000
 Frank ,30,60216,Male,HR,Clerk,,A,no_email@example.com, 
 Charlie ,50,60000,Other,HR,Clerk,,A,email@example.com,555-555-5555
 Alice ,50,55000,Female,Sales,Clerk,,A,no_email@example.com,123-456-7890
 Charlie ,35,60216,Other,IT,Manager,,F,user@domain.com, 
 Eve ,30,70000,Male,HR,Manager,,B,user@domain.com, 
 Charlie ,25,65000,Female,HR,Analyst,,A,no_email@example.com,098-765-4321
 Alice ,40,70000,Other,IT,Director,,D,name@company.org,555-555-5555
 Eve ,35,65000,Other,Sales,Director,,F,name@company.org,123-456-7890
 Jack ,30,60216,Other,HR,Director,2018-04-05,C,user@domain.com,098-765-4321
 Grace ,30,60000,Other,Sales,Analyst,,C,no_email@example.com,098-765-4321
 Grace ,35,70000,Other,Marketing,Director,,D,no_email@example.com,000-000-0000
 Ivy ,50,65000,Female,Sales,Director,2018-04-05,B,email@example.com, 
 Jack ,30,60000,Female,Finance,Clerk,,A,name@company.org,123-456-7890
 Jack ,30,55000,Female,Finance,Manager,2018-04-05,F,user@domain.com,123-456-7890
 Charlie ,25,65000,Female,Sales,Manager,,A,no_email@example.com,123-456-7890
 Grace ,30,60216,Male,Finance,Clerk,,F,name@company.org,098-765-4321
 Alice ,30,55000,Female,Marketing,Clerk,,C,email@example.com,000-000-0000
 David ,40,55000,Other,IT,Clerk,,A,no_email@example.com,555-555-5555
 David ,25,50000,Other,Finance,Manager,,D,user@domain.com,098-765-4321
 Eve ,25,70000,Female,Finance,Director,,B,name@company.org,555-555-5555
 Grace ,35,65000,Other,Sales,Clerk,,D,no_email@example.com,000-000-0000
 Grace ,35,55000,Female,Marketing,Analyst,,B,email@example.com, 
 David ,40,50000,Other,IT,Clerk,,A,email@example.com,123-456-7890
 Grace ,50,60216,Male,Sales,Assistant,,A,name@company.org,555-555-5555
 Charlie ,25,60000,Male,Sales,Clerk,,B,no_email@example.com,098-765-4321
 Frank ,40,65000,Female,Marketing,Manager,,C,email@example.com,555-555-5555
 Bob ,35,55000,Female,IT,Clerk,,F,user@domain.com, 
 Jack ,35,70000,Female,Marketing,Assistant,,D,email@example.com,123-456-7890
 Ivy ,25,50000,Other,IT,Analyst,,D,no_email@example.com,555-555-5555
 Eve ,30,55000,Female,Marketing,Director,,D,no_email@example.com, 
 Frank ,30,70000,Male,Sales,Clerk,,A,no_email@example.com,098-765-4321
 David ,35,55000,Other,Sales,Assistant,,D,name@company.org,000-000-0000
 Jack ,50,65000,Female,HR,Assistant,,F,no_email@example.com,098-765-4321
 Grace ,50,65000,Other,Finance,Analyst,2018-04-05,F,email@example.com,123-456-7890
 Ivy ,35,65000,Other,Marketing,Manager,,B,email@example.com,098-765-4321
 Grace ,30,60216,Female,HR,Clerk,,A,no_email@example.com,098-765-4321
 Alice ,30,60216,Other,Finance,Assistant,,F,no_email@example.com,098-765-4321
 Alice ,40,50000,Male,Marketing,Analyst,,C,user@domain.com,098-765-4321
 Ivy ,50,65000,Male,IT,Director,2018-04-05,A,no_email@example.com,123-456-7890
 Ivy ,40,70000,Other,Finance,Assistant,,A,user@domain.com, 
 David ,50,55000,Female,Sales,Analyst,,F,email@example.com,555-555-5555
 Ivy ,30,60000,Other,HR,Manager,,C,user@domain.com,000-000-0000
 Charlie ,30,70000,Male,Finance,Manager,2018-04-05,B,user@domain.com,555-555-5555
 Grace ,25,60216,Other,Finance,Assistant,,F,name@company.org,555-555-5555
 Frank ,40,60216,Other,Sales,Assistant,,C,no_email@example.com,000-000-0000
 Hannah ,35,70000,Male,Marketing,Clerk,,A,user@domain.com,123-456-7890
 Ivy ,40,60216,Other,IT,Analyst,,C,email@example.com,000-000-0000
 Eve ,35,65000,Other,Sales,Assistant,,A,no_email@example.com,123-456-7890
 Alice ,30,50000,Female,IT,Clerk,,F,user@domain.com,555-555-5555
 Charlie ,40,55000,Female,Marketing,Clerk,,F,no_email@example.com,123-456-7890
 Jack ,30,50000,Male,Finance,Assistant,,D,name@company.org, 
 Hannah ,30,55000,Male,IT,Manager,,D,email@example.com,000-000-0000
 Frank ,30,55000,Male,HR,Analyst,,D,name@company.org, 
 Hannah ,25,50000,Female,HR,Analyst,,F,no_email@example.com,555-555-5555
 Ivy ,40,70000,Male,Sales,Manager,,B,user@domain.com,000-000-0000
 David ,30,55000,Male,Marketing,Assistant,,F,user@domain.com,555-555-5555
 Alice ,35,50000,Male,Sales,Analyst,,C,no_email@example.com, 
 Alice ,30,55000,Female,Sales,Assistant,,F,user@domain.com,555-555-5555
 Jack ,30,60000,Other,Sales,Assistant,2018-04-05,F,email@example.com,000-000-0000
 David ,35,70000,Male,HR,Clerk,,A,no_email@example.com,000-000-0000
 Grace ,30,65000,Other,HR,Manager,,A,name@company.org,555-555-5555
 Bob ,30,55000,Male,Sales,Assistant,,A,no_email@example.com,000-000-0000
 Charlie ,40,60000,Other,HR,Director,,F,user@domain.com,000-000-0000
 Alice ,40,65000,Female,Marketing,Manager,,B,name@company.org,555-555-5555
 Eve ,50,65000,Female,Sales,Analyst,,C,no_email@example.com, 
 Alice ,50,55000,Male,HR,Clerk,,C,no_email@example.com,000-000-0000
 Hannah ,25,50000,Other,IT,Analyst,,B,name@company.org,000-000-0000
 Alice ,30,55000,Female,Sales,Analyst,,B,name@company.org,000-000-0000
 Alice ,40,60000,Male,Sales,Manager,,C,name@company.org,000-000-0000
 Bob ,30,65000,Male,Marketing,Analyst,,D,email@example.com,555-555-5555
 Bob ,35,55000,Female,Finance,Assistant,,A,no_email@example.com, 
 Frank ,30,50000,Female,Finance,Analyst,2018-04-05,A,name@company.org, 
 Grace ,30,55000,Male,Marketing,Clerk,,C,no_email@example.com,123-456-7890
 Eve ,50,70000,Other,Marketing,Clerk,2018-04-05,B,name@company.org,000-000-0000
 Alice ,30,50000,Other,Marketing,Director,2018-04-05,D,no_email@example.com,000-000-0000
 Alice ,25,60000,Other,Finance,Clerk,,C,no_email@example.com,123-456-7890
 Charlie ,30,65000,Male,Marketing,Analyst,,A,no_email@example.com, 
 Bob ,50,55000,Female,HR,Clerk,2018-04-05,F,user@domain.com,098-765-4321
 Eve ,35,50000,Male,Sales,Manager,,B,name@company.org,098-765-4321
 Jack ,50,70000,Female,Sales,Clerk,,F,user@domain.com, 
 Frank ,25,50000,Other,IT,Assistant,,C,no_email@example.com,000-000-0000
 Grace ,30,60216,Other,IT,Manager,,A,user@domain.com,098-765-4321
 David ,35,70000,Female,Sales,Director,2018-04-05,D,no_email@example.com,555-555-5555
 Grace ,25,60000,Female,HR,Assistant,,F,no_email@example.com,555-555-5555
 Hannah ,50,65000,Male,Finance,Analyst,,D,no_email@example.com,123-456-7890
 Alice ,25,60000,Other,Finance,Analyst,,A,user@domain.com, 
 Frank ,30,55000,Male,HR,Analyst,2018-04-05,F,name@company.org, 
 Hannah ,40,50000,Male,Finance,Assistant,,D,user@domain.com,098-765-4321
 Eve ,25,60216,Male,Marketing,Assistant,,D,name@company.org,000-000-0000
 David ,25,70000,Other,Sales,Assistant,2018-04-05,F,name@company.org, 
 Bob ,50,70000,Male,Sales,Manager,,A,no_email@example.com,098-765-4321
 Frank ,50,50000,Male,HR,Manager,,D,user@domain.com,098-765-4321
 Frank ,35,60216,Male,Finance,Analyst,,C,name@company.org, 
 Alice ,50,50000,Male,IT,Clerk,,F,no_email@example.com,098-765-4321
 Ivy ,30,55000,Male,IT,Analyst,2018-04-05,B,name@company.org,123-456-7890
 Frank ,30,60000,Male,Finance,Director,,B,no_email@example.com,123-456-7890
 Charlie ,30,70000,Other,IT,Manager,,A,user@domain.com, 
 David ,40,55000,Male,HR,Assistant,,C,user@domain.com,000-000-0000
 David ,40,60000,Female,HR,Manager,,D,user@domain.com,123-456-7890
 Charlie ,30,55000,Male,Finance,Assistant,,B,name@company.org,123-456-7890
 Jack ,40,60216,Male,IT,Director,,A,email@example.com, 
 Charlie ,35,70000,Other,HR,Director,,C,name@company.org,555-555-5555
 Charlie ,50,50000,Other,HR,Manager,,C,name@company.org,098-765-4321
 David ,30,50000,Female,Marketing,Assistant,,A,no_email@example.com,123-456-7890
 Grace ,40,60000,Female,Marketing,Director,,A,no_email@example.com,555-555-5555
 David ,30,65000,Other,HR,Analyst,,D,name@company.org,000-000-0000
 Ivy ,30,60216,Other,Finance,Analyst,,A,no_email@example.com,555-555-5555
 Alice ,25,60000,Male,Sales,Assistant,,D,no_email@example.com, 
 Hannah ,50,65000,Other,Sales,Manager,,D,name@company.org,000-000-0000
 Grace ,30,55000,Female,HR,Director,2018-04-05,F,email@example.com,000-000-0000
 Bob ,25,60216,Male,HR,Manager,,C,no_email@example.com,555-555-5555
 Hannah ,40,55000,Female,HR,Analyst,2018-04-05,C,user@domain.com, 
 Alice ,25,70000,Male,Finance,Director,,C,name@company.org,123-456-7890
 Ivy ,50,60216,Other,Marketing,Manager,,F,name@company.org,555-555-5555
 Ivy ,30,65000,Female,HR,Clerk,2018-04-05,D,no_email@example.com,123-456-7890
 Bob ,30,70000,Male,HR,Assistant,,D,no_email@example.com,555-555-5555
 Grace ,40,50000,Male,IT,Assistant,2018-04-05,A,no_email@example.com,123-456-7890
 Jack ,30,65000,Other,Finance,Clerk,,F,no_email@example.com,555-555-5555
 Charlie ,50,60000,Other,HR,Analyst,2018-04-05,A,user@domain.com,000-000-0000
 Grace ,40,50000,Other,IT,Director,,F,no_email@example.com,098-765-4321
 Jack ,35,50000,Female,Sales,Assistant,,A,no_email@example.com,000-000-0000
 Ivy ,25,60000,Male,HR,Clerk,,B,no_email@example.com,123-456-7890
 David ,50,60216,Other,HR,Clerk,,C,no_email@example.com, 
 Alice ,35,50000,Female,IT,Analyst,,C,email@example.com,000-000-0000
 Bob ,30,65000,Female,Finance,Analyst,,D,email@example.com,098-765-4321
 Alice ,30,70000,Female,HR,Manager,,B,name@company.org,123-456-7890
 Eve ,40,50000,Other,Sales,Assistant,2018-04-05,C,name@company.org,000-000-0000
 Eve ,25,65000,Other,HR,Manager,2018-04-05,D,no_email@example.com,555-555-5555
 Grace ,40,55000,Male,Sales,Clerk,,B,no_email@example.com, 
 Ivy ,30,65000,Male,Marketing,Director,,C,user@domain.com,123-456-7890
 Ivy ,40,70000,Other,Marketing,Director,,A,user@domain.com,000-000-0000
 Charlie ,25,65000,Female,Sales,Analyst,,F,email@example.com,123-456-7890
 Charlie ,30,60000,Female,Finance,Director,,B,name@company.org,555-555-5555
 Charlie ,40,70000,Female,HR,Director,,D,email@example.com,098-765-4321
 David ,30,60216,Male,HR,Director,2018-04-05,B,email@example.com,000-000-0000
 Hannah ,50,55000,Female,Marketing,Clerk,,D,name@company.org,123-456-7890
 Frank ,30,60000,Male,Sales,Director,,B,user@domain.com,123-456-7890
 Hannah ,50,60216,Male,HR,Director,,D,name@company.org,123-456-7890
 Alice ,30,65000,Female,HR,Director,,C,no_email@example.com,098-765-4321
 Hannah ,30,70000,Female,Finance,Manager,,A,no_email@example.com,123-456-7890
 David ,50,55000,Other,IT,Clerk,,C,no_email@example.com, 
 Alice ,35,60000,Other,Marketing,Analyst,2018-04-05,A,no_email@example.com, 
 Hannah ,25,60216,Female,Marketing,Manager,,C,user@domain.com,123-456-7890
 David ,35,60216,Male,IT,Assistant,,C,user@domain.com, 
 Frank ,40,55000,Male,HR,Clerk,,B,no_email@example.com,000-000-0000
 Hannah ,30,65000,Male,Finance,Clerk,2018-04-05,F,email@example.com, 
 David ,35,55000,Male,Finance,Assistant,,D,no_email@example.com,123-456-7890
 Charlie ,30,60216,Male,Marketing,Assistant,,D,no_email@example.com,555-555-5555
 Ivy ,40,50000,Other,Finance,Assistant,2018-04-05,D,email@example.com,000-000-0000
 Charlie ,40,60000,Female,IT,Analyst,,A,name@company.org,098-765-4321
 Ivy ,35,55000,Other,HR,Director,2018-04-05,D,name@company.org,123-456-7890
 Bob ,35,60216,Male,IT,Clerk,,D,user@domain.com,098-765-4321
 Bob ,30,65000,Male,Sales,Director,,B,no_email@example.com,555-555-5555
 Bob ,25,60216,Male,Marketing,Director,,C,user@domain.com,098-765-4321
 Frank ,35,65000,Male,Finance,Assistant,2018-04-05,D,name@company.org,123-456-7890
 Charlie ,35,55000,Female,Sales,Analyst,,F,email@example.com,123-456-7890
 Ivy ,50,65000,Male,Finance,Manager,,D,user@domain.com,555-555-5555
 David ,30,70000,Female,HR,Analyst,,A,no_email@example.com,123-456-7890
 Alice ,50,70000,Male,HR,Director,,A,no_email@example.com,555-555-5555
 David ,50,70000,Female,HR,Analyst,,A,email@example.com,555-555-5555
 Alice ,40,50000,Other,Finance,Assistant,2018-04-05,D,name@company.org,123-456-7890
 Eve ,25,55000,Male,Sales,Manager,2018-04-05,B,no_email@example.com, 
 David ,30,60216,Female,HR,Assistant,,F,no_email@example.com,555-555-5555
 Hannah ,30,60216,Other,Sales,Manager,,D,no_email@example.com,123-456-7890
 Hannah ,30,50000,Male,Finance,Director,,B,user@domain.com, 
 Grace ,35,65000,Male,Sales,Manager,,B,name@company.org,555-555-5555
 Charlie ,35,50000,Male,Finance,Manager,,D,user@domain.com, 
 Alice ,30,65000,Female,Finance,Manager,,D,name@company.org,000-000-0000
 Alice ,35,65000,Female,Marketing,Analyst,,B,no_email@example.com,000-000-0000
 Charlie ,25,60000,Other,Finance,Analyst,,B,no_email@example.com, 
 Frank ,50,60216,Female,Finance,Director,2018-04-05,B,user@domain.com,555-555-5555
 Grace ,35,70000,Female,IT,Manager,,D,no_email@example.com,123-456-7890
 Frank ,40,65000,Male,HR,Clerk,,B,name@company.org,098-765-4321
 Frank ,35,60000,Male,Marketing,Director,,A,user@domain.com,123-456-7890
 Frank ,30,60216,Male,Marketing,Manager,,D,user@domain.com,098-765-4321
 Charlie ,25,70000,Male,Marketing,Manager,,A,no_email@example.com,098-765-4321
 Frank ,30,65000,Male,IT,Analyst,,C,user@domain.com,555-555-5555
 Hannah ,30,65000,Male,Finance,Director,,D,no_email@example.com, 
 Bob ,40,50000,Male,HR,Manager,,C,no_email@example.com,123-456-7890
 Eve ,25,50000,Other,Sales,Manager,,B,no_email@example.com, 
 Alice ,25,60216,Other,Finance,Director,2018-04-05,B,name@company.org,000-000-0000
 Alice ,25,70000,Other,IT,Clerk,,F,no_email@example.com,555-555-5555
 Eve ,25,65000,Other,Finance,Director,,B,no_email@example.com,555-555-5555
 Charlie ,25,60216,Male,Finance,Director,,C,email@example.com,000-000-0000
 David ,40,60216,Other,IT,Clerk,,B,email@example.com,123-456-7890
 Charlie ,35,55000,Male,Marketing,Director,,D,user@domain.com,000-000-0000
 Alice ,30,50000,Other,Marketing,Manager,,B,user@domain.com,123-456-7890
 Alice ,25,70000,Female,HR,Director,,F,email@example.com,098-765-4321
 Eve ,35,65000,Other,HR,Clerk,,B,no_email@example.com,555-555-5555
 Frank ,35,60216,Other,Marketing,Assistant,2018-04-05,C,user@domain.com,123-456-7890
 Charlie ,30,65000,Male,Sales,Director,,C,no_email@example.com, 
 Ivy ,40,55000,Other,Finance,Analyst,,B,no_email@example.com, 
 Eve ,30,70000,Female,Sales,Manager,,C,no_email@example.com,555-555-5555
 Hannah ,30,60216,Male,Finance,Manager,,C,user@domain.com,000-000-0000
 Alice ,35,65000,Male,Marketing,Analyst,,F,no_email@example.com,000-000-0000
 Eve ,50,50000,Other,HR,Analyst,2018-04-05,D,user@domain.com,123-456-7890
 Charlie ,50,55000,Male,HR,Director,,F,user@domain.com,000-000-0000
 Alice ,30,70000,Male,Sales,Analyst,,A,no_email@example.com,555-555-5555
 David ,30,55000,Male,HR,Assistant,,F,email@example.com,123-456-7890
 Eve ,35,50000,Male,Marketing,Clerk,,B,no_email@example.com,098-765-4321
 Grace ,40,70000,Male,Sales,Analyst,,D,no_email@example.com,000-000-0000
 Alice ,30,55000,Male,Finance,Analyst,,B,name@company.org,000-000-0000
 Charlie ,35,60000,Female,HR,Assistant,,A,no_email@example.com,123-456-7890
 Bob ,35,50000,Other,IT,Manager,2018-04-05,D,user@domain.com, 
 Ivy ,25,50000,Female,HR,Manager,,C,user@domain.com,000-000-0000
 Jack ,40,50000,Male,Finance,Director,,F,no_email@example.com,555-555-5555
 Frank ,25,60000,Male,Sales,Assistant,,B,name@company.org,000-000-0000
 Jack ,30,60000,Other,Finance,Clerk,,A,no_email@example.com,098-765-4321
 Charlie ,25,65000,Female,IT,Clerk,,C,name@company.org,000-000-0000
 Hannah ,25,60216,Other,Marketing,Assistant,,F,name@company.org, 
 Hannah ,30,55000,Female,HR,Clerk,,C,no_email@example.com,000-000-0000
 Bob ,50,65000,Male,Sales,Manager,2018-04-05,F,user@domain.com,123-456-7890
 Frank ,35,55000,Other,Marketing,Clerk,,D,user@domain.com,000-000-0000
 Grace ,40,60216,Other,Finance,Clerk,,C,name@company.org, 
 Bob ,25,60000,Male,Sales,Assistant,,C,user@domain.com,123-456-7890
 Jack ,40,60216,Other,Marketing,Assistant,,C,email@example.com,555-555-5555
 Bob ,50,60000,Female,Sales,Clerk,,D,name@company.org,123-456-7890
 Jack ,50,60216,Female,IT,Analyst,,A,user@domain.com,098-765-4321
 Alice ,25,65000,Female,IT,Assistant,,F,email@example.com,123-456-7890
 Hannah ,30,70000,Female,HR,Director,2018-04-05,C,no_email@example.com,555-555-5555
 Alice ,25,65000,Male,HR,Director,,D,user@domain.com,000-000-0000
 Ivy ,30,55000,Other,IT,Manager,2018-04-05,A,email@example.com,123-456-7890
 Frank ,35,65000,Female,Sales,Clerk,,F,no_email@example.com,123-456-7890
 Grace ,30,50000,Male,IT,Analyst,,D,no_email@example.com,123-456-7890
 Jack ,25,55000,Other,HR,Manager,,F,email@example.com,123-456-7890
 Grace ,40,60216,Other,IT,Clerk,2018-04-05,C,name@company.org,555-555-5555
 Jack ,30,55000,Male,IT,Assistant,2018-04-05,A,name@company.org, 
 Charlie ,30,70000,Male,Sales,Director,,D,user@domain.com, 
 Bob ,25,60000,Female,Marketing,Analyst,,A,no_email@example.com,123-456-7890
 Ivy ,30,60216,Other,HR,Director,,C,name@company.org,555-555-5555
 Hannah ,40,55000,Other,Sales,Assistant,,A,name@company.org,555-555-5555
 Jack ,50,60216,Male,IT,Clerk,,A,no_email@example.com,123-456-7890
 Grace ,30,60216,Other,IT,Assistant,2018-04-05,B,no_email@example.com,098-765-4321
 Ivy ,50,60216,Female,Marketing,Assistant,,A,name@company.org,123-456-7890
 David ,40,60000,Other,HR,Director,,F,email@example.com,098-765-4321
 David ,25,65000,Male,HR,Analyst,,D,user@domain.com,123-456-7890
 Alice ,35,60216,Male,Finance,Assistant,,B,name@company.org,098-765-4321
 Hannah ,30,50000,Female,HR,Director,,D,name@company.org,098-765-4321
 Charlie ,35,70000,Female,Marketing,Analyst,2018-04-05,D,no_email@example.com,123-456-7890
 Grace ,40,60000,Other,Finance,Clerk,,C,email@example.com,098-765-4321
 Bob ,30,55000,Other,Finance,Clerk,,C,user@domain.com,000-000-0000
 Bob ,50,60000,Male,IT,Manager,,B,name@company.org, 
 Grace ,30,55000,Female,IT,Director,,C,user@domain.com,555-555-5555
 Frank ,35,60000,Female,HR,Analyst,2018-04-05,C,no_email@example.com,098-765-4321
 Charlie ,30,55000,Female,Finance,Assistant,,C,name@company.org,098-765-4321
 Ivy ,35,60216,Other,IT,Clerk,,D,name@company.org,555-555-5555
 Jack ,30,65000,Female,Marketing,Analyst,,B,no_email@example.com,098-765-4321
 Frank ,25,55000,Male,IT,Director,,D,no_email@example.com,555-555-5555
 Jack ,50,55000,Male,IT,Manager,,F,name@company.org,123-456-7890
 Jack ,35,50000,Other,Finance,Clerk,,D,user@domain.com,000-000-0000
 Frank ,30,55000,Other,Finance,Analyst,,F,email@example.com,000-000-0000
 Alice ,30,50000,Female,Sales,Analyst,,A,user@domain.com, 
 David ,40,70000,Other,Marketing,Analyst,,A,no_email@example.com,098-765-4321
 Jack ,30,60216,Male,Finance,Director,,F,email@example.com, 
 Frank ,35,50000,Female,HR,Director,,F,user@domain.com,123-456-7890
 Frank ,40,65000,Male,Marketing,Director,,D,user@domain.com,000-000-0000
 Eve ,35,60216,Female,Marketing,Assistant,,F,no_email@example.com,123-456-7890
 Alice ,30,50000,Other,Finance,Analyst,2018-04-05,B,no_email@example.com,123-456-7890
 Hannah ,30,60216,Female,Marketing,Clerk,,A,no_email@example.com,098-765-4321
 Eve ,25,60216,Female,Finance,Director,,A,email@example.com,123-456-7890
 Eve ,30,60216,Male,IT,Director,,F,no_email@example.com,000-000-0000
 Grace ,40,70000,Male,Sales,Analyst,,C,no_email@example.com, 
 David ,50,65000,Female,IT,Director,,C,name@company.org,000-000-0000
 Frank ,25,60000,Other,Finance,Assistant,,F,name@company.org,098-765-4321
 David ,40,60000,Other,Finance,Assistant,,B,email@example.com,000-000-0000
 Charlie ,30,50000,Male,IT,Director,,C,name@company.org,555-555-5555
 Grace ,25,60216,Other,HR,Analyst,,F,no_email@example.com, 
 Hannah ,40,50000,Male,HR,Analyst,,B,email@example.com,555-555-5555
 David ,30,70000,Other,HR,Analyst,,B,no_email@example.com,555-555-5555
 Bob ,30,70000,Female,Finance,Manager,,D,email@example.com,098-765-4321
 Jack ,50,55000,Male,Marketing,Director,2018-04-05,B,email@example.com,123-456-7890
 Charlie ,30,70000,Male,Finance,Analyst,,C,user@domain.com,555-555-5555
 Alice ,35,55000,Female,Marketing,Assistant,,C,user@domain.com,000-000-0000
 Hannah ,30,65000,Male,IT,Clerk,,F,email@example.com,123-456-7890
 Charlie ,30,50000,Other,Sales,Clerk,,F,name@company.org,000-000-0000
 Jack ,50,65000,Other,Marketing,Analyst,,B,user@domain.com,000-000-0000
 Grace ,35,70000,Male,HR,Clerk,,A,no_email@example.com,123-456-7890
 Jack ,40,65000,Other,Finance,Clerk,2018-04-05,D,no_email@example.com,123-456-7890
 Eve ,40,65000,Male,IT,Manager,,A,user@domain.com,000-000-0000
 Jack ,30,65000,Female,HR,Assistant,,B,email@example.com,098-765-4321
 Eve ,35,70000,Male,IT,Assistant,,B,name@company.org, 
 Grace ,35,60216,Female,Sales,Manager,,A,no_email@example.com, 
 Ivy ,50,65000,Other,Finance,Manager,,D,user@domain.com,098-765-4321
 Eve ,30,55000,Female,Finance,Clerk,,A,name@company.org,123-456-7890
 Alice ,40,70000,Other,Sales,Director,,F,name@company.org,000-000-0000
 Jack ,50,65000,Male,Finance,Clerk,,C,name@company.org, 
 Jack ,25,60216,Other,Marketing,Manager,,F,email@example.com,000-000-0000
 Alice ,40,70000,Male,IT,Assistant,,C,no_email@example.com,098-765-4321
 Bob ,50,60000,Male,HR,Clerk,2018-04-05,B,name@company.org,000-000-0000
 Frank ,40,60216,Female,Sales,Director,,D,no_email@example.com,098-765-4321
 Ivy ,30,55000,Female,Marketing,Clerk,,A,user@domain.com,123-456-7890
 Hannah ,25,65000,Female,HR,Analyst,,D,no_email@example.com,098-765-4321
 Eve ,30,60000,Female,HR,Clerk,,A,email@example.com,098-765-4321
 Alice ,25,60000,Other,Sales,Manager,,F,email@example.com, 
 Grace ,30,70000,Other,Marketing,Assistant,,F,no_email@example.com,000-000-0000
 Eve ,50,60000,Other,HR,Assistant,,A,no_email@example.com, 
 Frank ,25,55000,Male,HR,Manager,,D,email@example.com,555-555-5555
 Grace ,30,55000,Other,Marketing,Analyst,2018-04-05,A,email@example.com,098-765-4321
 Charlie ,40,50000,Other,Finance,Manager,2018-04-05,B,no_email@example.com,555-555-5555
 Jack ,25,55000,Other,HR,Clerk,,F,email@example.com, 
 Charlie ,50,60216,Female,IT,Manager,,B,no_email@example.com,000-000-0000
 Eve ,25,60000,Other,Marketing,Manager,,F,no_email@example.com, 
 Frank ,35,55000,Male,HR,Analyst,,F,no_email@example.com,000-000-0000
 Ivy ,40,70000,Female,Sales,Clerk,,C,user@domain.com,000-000-0000
 Eve ,50,50000,Male,IT,Director,,B,no_email@example.com,123-456-7890
 Alice ,50,60000,Other,HR,Director,2018-04-05,B,no_email@example.com,098-765-4321
 David ,30,50000,Female,IT,Assistant,,C,user@domain.com, 
 Eve ,30,60000,Male,IT,Manager,,D,name@company.org,000-000-0000
 Jack ,30,70000,Other,Finance,Assistant,2018-04-05,B,email@example.com, 
 Jack ,50,50000,Male,IT,Analyst,2018-04-05,A,no_email@example.com, 
 Eve ,40,65000,Male,Finance,Director,,C,email@example.com,000-000-0000
 Grace ,25,60216,Male,Marketing,Manager,,B,no_email@example.com,555-555-5555
 David ,25,60216,Other,Finance,Analyst,,D,email@example.com,098-765-4321
 Alice ,40,60000,Other,Sales,Analyst,,B,user@domain.com,098-765-4321
 Eve ,50,65000,Male,HR,Manager,,F,email@example.com,123-456-7890
 Grace ,25,50000,Female,Marketing,Analyst,,A,email@example.com,123-456-7890
 Jack ,25,65000,Female,Marketing,Manager,,C,email@example.com,123-456-7890
 Jack ,25,65000,Other,Sales,Manager,,F,name@company.org,098-765-4321
 Frank ,30,50000,Other,Finance,Clerk,,D,name@company.org,555-555-5555
 Eve ,30,70000,Other,HR,Assistant,,F,no_email@example.com,098-765-4321
 David ,35,65000,Other,Finance,Analyst,,F,user@domain.com,098-765-4321
 Bob ,30,65000,Other,IT,Analyst,,D,email@example.com,098-765-4321
 David ,40,70000,Female,Finance,Clerk,,F,email@example.com,098-765-4321
 Jack ,40,65000,Other,Marketing,Clerk,,C,email@example.com,555-555-5555
 Jack ,40,65000,Male,HR,Clerk,,B,email@example.com,123-456-7890
 Charlie ,35,65000,Male,Finance,Director,,F,name@company.org, 
 Jack ,30,60216,Female,HR,Director,,C,no_email@example.com,123-456-7890
 Alice ,50,55000,Male,HR,Director,,B,no_email@example.com,123-456-7890
 Hannah ,50,70000,Female,IT,Manager,2018-04-05,B,user@domain.com, 
 Eve ,35,65000,Female,IT,Analyst,,F,email@example.com,098-765-4321
 David ,50,60216,Male,Marketing,Assistant,,C,no_email@example.com,555-555-5555
 Hannah ,40,70000,Other,Sales,Manager,,F,no_email@example.com,555-555-5555
 Grace ,30,60000,Male,HR,Analyst,,D,no_email@example.com,123-456-7890
 Bob ,25,60000,Male,Sales,Analyst,,B,name@company.org, 
 Alice ,30,65000,Female,Marketing,Clerk,2018-04-05,F,no_email@example.com,000-000-0000
 David ,30,60216,Male,HR,Clerk,,B,no_email@example.com,098-765-4321
 Hannah ,35,60216,Female,HR,Manager,2018-04-05,C,name@company.org,123-456-7890
 Bob ,30,70000,Other,Sales,Clerk,,A,no_email@example.com,555-555-5555
 Charlie ,40,70000,Other,Finance,Analyst,,F,no_email@example.com, 
 Alice ,50,60216,Other,IT,Clerk,,F,no_email@example.com, 
 Alice ,40,70000,Male,Finance,Director,,B,name@company.org,123-456-7890
 Charlie ,35,60216,Female,Sales,Clerk,,C,email@example.com,000-000-0000
 Eve ,40,55000,Other,IT,Analyst,,D,user@domain.com,555-555-5555
 Charlie ,50,60216,Female,Finance,Manager,,C,no_email@example.com,123-456-7890
 Alice ,30,60000,Female,IT,Assistant,2018-04-05,F,name@company.org,000-000-0000
 Alice ,35,70000,Other,HR,Clerk,,D,no_email@example.com, 
 Hannah ,30,60216,Other,Finance,Analyst,,C,name@company.org,098-765-4321
 Jack ,25,60216,Female,IT,Assistant,,A,user@domain.com,555-555-5555
 Bob ,30,70000,Other,IT,Assistant,2018-04-05,B,user@domain.com,555-555-5555
 Charlie ,25,55000,Female,IT,Director,,C,email@example.com,000-000-0000
 Bob ,25,55000,Female,Finance,Assistant,,C,email@example.com,123-456-7890
 Charlie ,30,70000,Other,Marketing,Analyst,,A,user@domain.com, 
 Grace ,35,50000,Male,Finance,Analyst,,F,no_email@example.com,000-000-0000
 Alice ,50,70000,Other,Sales,Clerk,,B,no_email@example.com,098-765-4321
 Jack ,40,70000,Male,Finance,Clerk,,C,no_email@example.com,098-765-4321
 Hannah ,40,55000,Female,IT,Clerk,2018-04-05,D,email@example.com,098-765-4321
 Jack ,50,55000,Female,HR,Assistant,,C,no_email@example.com,000-000-0000
 Jack ,25,70000,Male,Finance,Assistant,,B,email@example.com, 
 Jack ,25,70000,Female,Finance,Director,,C,user@domain.com,555-555-5555
 Bob ,35,70000,Male,IT,Clerk,2018-04-05,A,no_email@example.com,123-456-7890
 Charlie ,30,55000,Male,HR,Manager,,C,no_email@example.com,555-555-5555
 Ivy ,30,70000,Female,HR,Director,,C,user@domain.com, 
 Grace ,25,70000,Male,Sales,Manager,,D,no_email@example.com,555-555-5555
 David ,40,65000,Other,Finance,Assistant,,A,no_email@example.com,000-000-0000
 Jack ,35,50000,Other,HR,Director,,A,name@company.org,098-765-4321
 Eve ,30,60000,Female,HR,Director,,C,email@example.com, 
 Bob ,35,50000,Female,Marketing,Analyst,,D,no_email@example.com, 
 Hannah ,30,65000,Male,Marketing,Assistant,,C,user@domain.com,555-555-5555
 David ,30,60000,Male,HR,Assistant,,C,no_email@example.com,000-000-0000
 Ivy ,50,70000,Male,Sales,Director,,B,no_email@example.com,555-555-5555
 Eve ,25,65000,Male,HR,Assistant,,B,email@example.com,555-555-5555
 Ivy ,35,70000,Other,IT,Director,,D,name@company.org, 
 David ,35,55000,Other,Finance,Analyst,,F,email@example.com,555-555-5555
 Jack ,50,60216,Female,Sales,Director,2018-04-05,B,no_email@example.com,098-765-4321
 Eve ,40,65000,Male,IT,Assistant,,F,no_email@example.com,555-555-5555
 Ivy ,40,55000,Male,Sales,Assistant,,A,no_email@example.com,098-765-4321
 Hannah ,25,65000,Female,IT,Director,,B,no_email@example.com, 
 Charlie ,25,65000,Male,Finance,Director,,B,user@domain.com,000-000-0000
 Alice ,30,55000,Male,Finance,Director,,D,name@company.org,098-765-4321
 Charlie ,50,60000,Male,Marketing,Clerk,2018-04-05,F,no_email@example.com,000-000-0000
 David ,40,50000,Male,IT,Assistant,,B,no_email@example.com,000-000-0000
 Bob ,30,70000,Male,Marketing,Assistant,,B,no_email@example.com,098-765-4321
 Alice ,35,65000,Female,IT,Clerk,,D,name@company.org, 
 Grace ,25,70000,Male,Marketing,Director,,D,email@example.com,123-456-7890
 Hannah ,35,60216,Female,Finance,Analyst,,F,name@company.org,000-000-0000
 Grace ,35,55000,Male,Sales,Director,,A,name@company.org,000-000-0000
 Eve ,30,70000,Other,Marketing,Director,,A,name@company.org, 
 Alice ,40,55000,Other,IT,Clerk,,C,no_email@example.com, 
 Grace ,25,70000,Other,IT,Assistant,,B,no_email@example.com,555-555-5555
 Grace ,35,50000,Other,Finance,Director,2018-04-05,F,user@domain.com, 
 Ivy ,25,50000,Female,IT,Assistant,,B,email@example.com,000-000-0000
 Charlie ,30,50000,Female,HR,Manager,,F,no_email@example.com,098-765-4321
 Ivy ,30,50000,Male,Sales,Assistant,,F,name@company.org,123-456-7890
 Alice ,30,50000,Other,Marketing,Analyst,2018-04-05,F,email@example.com,555-555-5555
 Alice ,25,50000,Female,Sales,Analyst,,B,email@example.com,098-765-4321
 David ,25,55000,Male,Finance,Director,2018-04-05,D,user@domain.com,123-456-7890
 Ivy ,40,65000,Male,Marketing,Assistant,,B,no_email@example.com,123-456-7890
 Frank ,35,70000,Female,Marketing,Director,,F,name@company.org,123-456-7890
 Charlie ,35,50000,Other,HR,Clerk,,C,no_email@example.com,098-765-4321
 Alice ,30,55000,Male,Finance,Analyst,,A,user@domain.com,555-555-5555
 David ,30,55000,Other,IT,Director,,F,no_email@example.com,555-555-5555
 Ivy ,50,55000,Other,HR,Clerk,2018-04-05,C,email@example.com,123-456-7890
 Charlie ,35,65000,Other,HR,Director,,D,name@company.org,098-765-4321
 Ivy ,40,70000,Male,Sales,Assistant,2018-04-05,F,no_email@example.com,123-456-7890
 Grace ,30,65000,Other,Sales,Assistant,,C,user@domain.com, 
 David ,30,60000,Male,Sales,Assistant,,F,no_email@example.com,555-555-5555
 Charlie ,50,55000,Other,HR,Assistant,2018-04-05,B,email@example.com,000-000-0000
 Jack ,40,60000,Male,IT,Manager,,C,name@company.org,123-456-7890
 Eve ,30,60216,Other,Marketing,Clerk,,B,no_email@example.com, 
 Eve ,40,50000,Female,Sales,Clerk,,B,no_email@example.com,555-555-5555
 Charlie ,30,50000,Other,IT,Assistant,,C,email@example.com,098-765-4321
 Ivy ,40,65000,Other,Finance,Manager,,A,no_email@example.com,555-555-5555
 David ,40,70000,Male,Sales,Assistant,,C,user@domain.com,098-765-4321
 Eve ,25,60000,Male,Marketing,Manager,,A,no_email@example.com,098-765-4321
 David ,30,70000,Other,Finance,Assistant,2018-04-05,F,no_email@example.com,123-456-7890
 Eve ,40,65000,Female,Finance,Analyst,,F,no_email@example.com,123-456-7890
 Grace ,50,50000,Female,Marketing,Analyst,2018-04-05,C,email@example.com,555-555-5555
 Ivy ,40,70000,Male,Sales,Director,,F,email@example.com, 
 Grace ,35,70000,Female,HR,Assistant,,D,user@domain.com,555-555-5555
 Eve ,30,50000,Other,Marketing,Clerk,,B,no_email@example.com,000-000-0000
 Jack ,35,60000,Male,Marketing,Director,,B,email@example.com,098-765-4321
 Jack ,30,50000,Other,Marketing,Analyst,,A,user@domain.com,098-765-4321
 Grace ,35,70000,Male,Finance,Assistant,,F,user@domain.com,123-456-7890
 Jack ,40,60000,Male,IT,Director,,A,no_email@example.com, 
 Eve ,40,60000,Male,HR,Assistant,,B,name@company.org,123-456-7890
 Charlie ,25,50000,Male,Sales,Analyst,,B,no_email@example.com,000-000-0000
 Grace ,50,70000,Female,Sales,Director,2018-04-05,F,name@company.org,555-555-5555
 Bob ,35,65000,Other,IT,Analyst,,D,user@domain.com,555-555-5555
 Ivy ,30,70000,Other,Marketing,Manager,,D,email@example.com, 
 Jack ,25,55000,Other,HR,Analyst,,F,no_email@example.com,123-456-7890
 Jack ,35,60216,Male,Sales,Assistant,2018-04-05,F,user@domain.com,123-456-7890
 Alice ,35,65000,Female,Sales,Clerk,,A,email@example.com,000-000-0000
 Frank ,25,60000,Other,Marketing,Analyst,,F,user@domain.com,555-555-5555
 Grace ,40,65000,Female,IT,Clerk,,D,no_email@example.com,123-456-7890
 Hannah ,35,60000,Male,HR,Manager,,F,name@company.org, 
 Jack ,40,60000,Other,IT,Director,,A,user@domain.com,555-555-5555
 Ivy ,25,65000,Female,IT,Director,,A,email@example.com,000-000-0000
 Bob ,40,60000,Male,HR,Clerk,,A,no_email@example.com, 
 Jack ,30,60000,Female,HR,Director,,A,no_email@example.com,098-765-4321
 Bob ,30,55000,Other,Sales,Analyst,,C,no_email@example.com,000-000-0000
 Eve ,35,70000,Other,Sales,Clerk,,F,name@company.org, 
 Eve ,50,70000,Male,HR,Assistant,,B,no_email@example.com,123-456-7890
 Frank ,30,60216,Male,Finance,Analyst,,F,no_email@example.com,098-765-4321
 Charlie ,40,60216,Male,Sales,Analyst,,C,email@example.com,000-000-0000
 Hannah ,35,55000,Female,Finance,Analyst,,A,user@domain.com,123-456-7890
 Alice ,40,60216,Female,HR,Assistant,,C,name@company.org,098-765-4321
 Frank ,30,65000,Female,Sales,Manager,,D,no_email@example.com,555-555-5555
 David ,25,50000,Male,IT,Director,,D,name@company.org,123-456-7890
 Alice ,35,50000,Other,HR,Clerk,,F,no_email@example.com, 
 Grace ,30,50000,Other,Marketing,Manager,,F,name@company.org,000-000-0000
 Ivy ,30,55000,Female,Finance,Clerk,,B,no_email@example.com,098-765-4321
 David ,35,55000,Female,HR,Director,,B,user@domain.com,123-456-7890
 David ,40,60000,Other,HR,Assistant,,D,user@domain.com,555-555-5555
 Frank ,50,50000,Other,Sales,Analyst,,A,name@company.org,000-000-0000
 Charlie ,30,65000,Female,Sales,Analyst,,C,email@example.com,000-000-0000
 Frank ,30,60216,Female,Sales,Assistant,2018-04-05,B,name@company.org,123-456-7890
 Grace ,30,65000,Other,Marketing,Manager,,B,no_email@example.com,555-555-5555
 Jack ,50,60216,Male,Sales,Manager,,A,user@domain.com,098-765-4321
 Jack ,40,50000,Female,HR,Clerk,,A,user@domain.com,123-456-7890
 Charlie ,40,50000,Other,Sales,Assistant,2018-04-05,F,user@domain.com,098-765-4321
 Grace ,30,50000,Other,IT,Manager,,C,email@example.com,000-000-0000
 Charlie ,30,55000,Other,Sales,Assistant,2018-04-05,A,email@example.com,098-765-4321
 Bob ,40,60216,Other,Marketing,Director,,B,no_email@example.com,555-555-5555
 Jack ,50,55000,Male,IT,Analyst,,B,name@company.org, 
 David ,35,55000,Other,HR,Analyst,,D,name@company.org,555-555-5555
 Hannah ,25,70000,Female,HR,Analyst,,A,no_email@example.com,098-765-4321
 Ivy ,25,65000,Male,Finance,Assistant,,F,user@domain.com,123-456-7890
 Grace ,25,65000,Other,IT,Assistant,,C,email@example.com,000-000-0000
 Alice ,30,60000,Male,Finance,Clerk,2018-04-05,F,no_email@example.com, 
 Charlie ,30,55000,Female,IT,Analyst,,B,no_email@example.com,123-456-7890
 Ivy ,40,60216,Other,IT,Clerk,,F,email@example.com,123-456-7890
 Alice ,35,70000,Female,Marketing,Analyst,2018-04-05,B,name@company.org,555-555-5555
 Ivy ,50,70000,Other,Finance,Clerk,,B,user@domain.com,098-765-4321
 Hannah ,35,65000,Other,Marketing,Clerk,,B,name@company.org,555-555-5555
 Alice ,50,55000,Other,IT,Director,,B,no_email@example.com,098-765-4321
 Frank ,30,60000,Other,HR,Clerk,,B,user@domain.com,555-555-5555
 Eve ,25,55000,Other,IT,Assistant,,D,no_email@example.com,123-456-7890
 Frank ,30,50000,Male,Marketing,Clerk,2018-04-05,F,no_email@example.com,000-000-0000
 Jack ,30,55000,Other,Finance,Analyst,,D,name@company.org,098-765-4321
 Eve ,30,50000,Other,Finance,Clerk,,D,name@company.org, 
 Frank ,50,50000,Male,Marketing,Manager,,A,name@company.org, 
 Eve ,40,60000,Male,Finance,Analyst,2018-04-05,A,email@example.com,123-456-7890
 Eve ,40,60216,Male,Sales,Manager,,A,no_email@example.com,555-555-5555
 David ,50,65000,Male,HR,Analyst,,C,user@domain.com,555-555-5555
 Charlie ,30,55000,Male,HR,Assistant,,A,name@company.org,123-456-7890
 Charlie ,30,50000,Male,HR,Assistant,,F,name@company.org, 
 David ,30,55000,Other,Finance,Assistant,,D,email@example.com, 
 Ivy ,30,60216,Other,Finance,Manager,,F,user@domain.com,555-555-5555
 Bob ,30,65000,Female,IT,Director,,A,no_email@example.com,098-765-4321
 Ivy ,35,60216,Other,IT,Analyst,,C,no_email@example.com,000-000-0000
 Alice ,25,65000,Other,HR,Assistant,,C,email@example.com,098-765-4321
 Alice ,30,70000,Male,Sales,Analyst,,D,no_email@example.com, 
 Eve ,50,65000,Male,IT,Manager,,F,no_email@example.com,098-765-4321
 Frank ,25,60000,Other,IT,Director,,B,name@company.org,000-000-0000
 Frank ,30,60216,Female,Finance,Manager,,F,name@company.org,098-765-4321
 Charlie ,50,50000,Male,Sales,Analyst,,A,user@domain.com,098-765-4321
 Grace ,25,70000,Other,HR,Director,,B,no_email@example.com,098-765-4321
 Ivy ,50,60000,Other,IT,Director,,C,name@company.org,098-765-4321
 Jack ,30,55000,Female,Sales,Manager,2018-04-05,D,name@company.org,123-456-7890
 Hannah ,35,60216,Female,Sales,Assistant,,D,user@domain.com, 
 Frank ,30,50000,Male,HR,Analyst,2018-04-05,C,no_email@example.com,000-000-0000
 Hannah ,30,65000,Female,Sales,Clerk,,A,name@company.org, 
 Eve ,50,50000,Other,Sales,Clerk,,C,email@example.com,123-456-7890
 Hannah ,40,55000,Other,Sales,Manager,,A,email@example.com,123-456-7890
 Jack ,30,70000,Female,IT,Analyst,,B,no_email@example.com,123-456-7890
 David ,30,70000,Female,HR,Analyst,,C,no_email@example.com,123-456-7890
 Jack ,35,60216,Female,Sales,Manager,,A,user@domain.com,098-765-4321
 Hannah ,35,70000,Female,Sales,Analyst,,B,email@example.com, 
 Jack ,30,60216,Male,IT,Assistant,,C,email@example.com,555-555-5555
 Bob ,40,60216,Female,HR,Manager,,D,no_email@example.com,000-000-0000
 Eve ,30,60216,Male,Finance,Assistant,,C,no_email@example.com,123-456-7890
 Ivy ,40,65000,Other,IT,Analyst,,F,no_email@example.com, 
 David ,35,60000,Female,HR,Manager,,C,no_email@example.com,123-456-7890
 Frank ,25,60216,Male,Sales,Analyst,,F,email@example.com,123-456-7890
 Alice ,50,60216,Female,HR,Manager,,B,user@domain.com,123-456-7890
 Ivy ,35,60000,Other,HR,Analyst,,C,email@example.com,123-456-7890
 Alice ,35,50000,Other,HR,Assistant,2018-04-05,B,no_email@example.com,123-456-7890
 Eve ,30,60216,Other,Finance,Assistant,,B,email@example.com,000-000-0000
 David ,30,65000,Female,HR,Analyst,,A,user@domain.com, 
 Charlie ,30,70000,Female,Finance,Manager,,B,name@company.org,123-456-7890
 Frank ,50,70000,Male,Sales,Clerk,,B,email@example.com,123-456-7890
 Bob ,30,55000,Other,Finance,Assistant,,C,no_email@example.com,123-456-7890
 Charlie ,40,55000,Female,Sales,Assistant,,C,name@company.org,123-456-7890
 Eve ,30,70000,Other,Sales,Clerk,,D,no_email@example.com,098-765-4321
 Ivy ,25,70000,Other,Finance,Analyst,2018-04-05,A,no_email@example.com,098-765-4321
 Bob ,35,65000,Male,IT,Manager,,B,no_email@example.com,555-555-5555
 Jack ,40,60000,Male,Marketing,Analyst,,A,email@example.com,123-456-7890
 Hannah ,25,55000,Male,HR,Director,2018-04-05,F,no_email@example.com,555-555-5555
 Bob ,40,60000,Male,Marketing,Assistant,,B,name@company.org,000-000-0000
 Eve ,40,65000,Other,HR,Director,2018-04-05,A,user@domain.com,555-555-5555
 Grace ,35,70000,Male,HR,Assistant,,D,no_email@example.com, 
 Hannah ,30,60216,Male,Sales,Assistant,,D,email@example.com,098-765-4321
 Alice ,30,60000,Male,HR,Director,,B,no_email@example.com,098-765-4321
 Frank ,50,70000,Male,HR,Director,2018-04-05,F,user@domain.com,123-456-7890
 Alice ,30,70000,Other,Finance,Analyst,,D,name@company.org,123-456-7890
 Bob ,50,50000,Male,Marketing,Director,,D,no_email@example.com,000-000-0000
 Alice ,35,60000,Other,Finance,Analyst,,F,no_email@example.com,000-000-0000
 Eve ,35,60216,Female,HR,Analyst,2018-04-05,A,user@domain.com, 
 Jack ,35,60000,Other,Sales,Analyst,,D,email@example.com,123-456-7890
 Ivy ,25,70000,Other,Finance,Assistant,,C,name@company.org,123-456-7890
 Frank ,50,60216,Male,Finance,Assistant,,D,user@domain.com,000-000-0000
 Alice ,30,65000,Female,IT,Director,,A,no_email@example.com,000-000-0000
 Alice ,30,50000,Female,HR,Assistant,2018-04-05,A,name@company.org,000-000-0000
 Bob ,40,70000,Female,Sales,Director,,B,no_email@example.com,098-765-4321
 Ivy ,40,55000,Female,Finance,Assistant,,C,user@domain.com,555-555-5555
 Charlie ,40,55000,Other,Finance,Manager,,A,no_email@example.com,555-555-5555
 Alice ,35,50000,Female,Sales,Manager,,F,no_email@example.com,123-456-7890
 Eve ,30,65000,Other,HR,Director,,C,no_email@example.com,098-765-4321
 Grace ,50,70000,Other,IT,Assistant,,C,email@example.com,000-000-0000
 Frank ,35,60000,Other,Finance,Assistant,,F,no_email@example.com,123-456-7890
 Alice ,25,50000,Female,IT,Analyst,,D,no_email@example.com,098-765-4321
 Eve ,40,65000,Male,Marketing,Clerk,,F,no_email@example.com, 
 Eve ,35,60000,Male,HR,Director,2018-04-05,F,name@company.org,098-765-4321
 Frank ,35,55000,Female,Marketing,Clerk,,D,no_email@example.com,123-456-7890
 Charlie ,25,55000,Male,Marketing,Clerk,2018-04-05,D,no_email@example.com,555-555-5555
 Eve ,30,60000,Male,Marketing,Director,,D,user@domain.com,000-000-0000
 Grace ,30,50000,Other,HR,Assistant,,D,email@example.com, 
 Eve ,50,55000,Other,HR,Director,,D,name@company.org,098-765-4321
 Eve ,30,70000,Female,Sales,Clerk,,F,no_email@example.com,123-456-7890
 Eve ,40,60216,Female,IT,Assistant,,B,user@domain.com,123-456-7890
 Jack ,35,60000,Male,IT,Manager,,B,email@example.com,000-000-0000
 Jack ,25,60000,Other,Sales,Director,2018-04-05,A,name@company.org,123-456-7890
 Charlie ,25,55000,Female,Sales,Director,2018-04-05,B,name@company.org,123-456-7890
 Alice ,30,50000,Female,Marketing,Assistant,,B,no_email@example.com,000-000-0000
 Eve ,30,70000,Female,Sales,Manager,2018-04-05,F,name@company.org, 
 Ivy ,30,50000,Female,Finance,Manager,,D,user@domain.com,555-555-5555
 Alice ,35,65000,Female,IT,Assistant,,D,name@company.org,555-555-5555
 Charlie ,30,65000,Female,Sales,Analyst,,F,no_email@example.com,098-765-4321
 David ,50,60216,Male,Finance,Director,,B,user@domain.com, 
 Alice ,25,55000,Other,Finance,Director,,F,email@example.com,098-765-4321
 Alice ,25,55000,Other,Finance,Clerk,,A,email@example.com,555-555-5555
 Hannah ,40,55000,Female,Finance,Assistant,,D,no_email@example.com,000-000-0000
 Bob ,40,60216,Other,Marketing,Clerk,2018-04-05,C,no_email@example.com,123-456-7890
 Hannah ,35,65000,Other,Finance,Clerk,2018-04-05,A,no_email@example.com,555-555-5555
 Grace ,50,50000,Other,Marketing,Manager,,A,email@example.com, 
 Jack ,30,60216,Female,Marketing,Director,,F,email@example.com,555-555-5555
 Jack ,30,60216,Female,Finance,Clerk,,B,email@example.com, 
 Bob ,35,50000,Other,IT,Manager,,D,email@example.com, 
 Frank ,40,55000,Other,Finance,Assistant,,C,name@company.org, 
 Frank ,30,70000,Female,Finance,Clerk,,A,user@domain.com,098-765-4321
 Charlie ,40,50000,Male,Finance,Director,,C,user@domain.com,000-000-0000
 Bob ,30,65000,Other,IT,Clerk,,B,no_email@example.com,555-555-5555
 Alice ,30,60000,Male,HR,Assistant,2018-04-05,B,name@company.org,000-000-0000
 Frank ,35,60000,Other,HR,Clerk,,C,email@example.com,123-456-7890
 Eve ,30,60216,Male,Marketing,Director,2018-04-05,D,email@example.com,555-555-5555
 Ivy ,50,60000,Male,Marketing,Manager,2018-04-05,B,no_email@example.com,000-000-0000
 Alice ,25,70000,Male,IT,Director,,C,no_email@example.com,000-000-0000
 Grace ,50,55000,Female,Sales,Manager,,A,no_email@example.com,123-456-7890
 Eve ,50,65000,Male,HR,Analyst,,C,email@example.com, 
 Eve ,25,70000,Male,Marketing,Director,,C,no_email@example.com,555-555-5555
 Bob ,50,65000,Male,HR,Director,2018-04-05,F,name@company.org,555-555-5555
 Charlie ,30,65000,Other,IT,Assistant,,B,user@domain.com,123-456-7890
 Grace ,30,55000,Male,IT,Clerk,2018-04-05,D,email@example.com, 
 Frank ,30,60216,Other,Sales,Manager,,D,name@company.org,555-555-5555
 Bob ,25,60000,Male,Sales,Manager,2018-04-05,F,email@example.com,555-555-5555
 Frank ,50,55000,Male,IT,Assistant,,D,no_email@example.com,555-555-5555
 Bob ,25,70000,Female,Marketing,Assistant,,C,no_email@example.com, 
 Bob ,30,60216,Other,HR,Clerk,,F,no_email@example.com,123-456-7890
 Bob ,50,70000,Male,Finance,Clerk,2018-04-05,A,user@domain.com,555-555-5555
 Charlie ,50,60216,Other,Sales,Director,,B,no_email@example.com,000-000-0000
 Bob ,40,70000,Other,Finance,Analyst,,B,email@example.com, 
 David ,40,55000,Female,Marketing,Clerk,2018-04-05,B,no_email@example.com,098-765-4321
 Ivy ,30,60216,Female,Sales,Assistant,2018-04-05,C,email@example.com,123-456-7890
 Frank ,35,60216,Female,Finance,Clerk,,A,user@domain.com,000-000-0000
 Alice ,40,65000,Female,Marketing,Manager,,F,no_email@example.com,555-555-5555
 Hannah ,25,65000,Female,HR,Analyst,,F,no_email@example.com,098-765-4321
 Grace ,40,50000,Female,Marketing,Director,,B,no_email@example.com,123-456-7890
 Jack ,30,70000,Female,Sales,Manager,,A,no_email@example.com, 
 Charlie ,50,65000,Female,IT,Manager,2018-04-05,A,no_email@example.com,098-765-4321
 Alice ,30,50000,Male,HR,Analyst,,A,no_email@example.com,098-765-4321
 Eve ,50,65000,Other,Finance,Director,2018-04-05,D,no_email@example.com,000-000-0000
 David ,50,70000,Female,Sales,Assistant,2018-04-05,D,email@example.com,123-456-7890
 Jack ,35,60216,Female,IT,Director,,B,user@domain.com,000-000-0000
 Hannah ,40,60000,Other,Marketing,Clerk,,A,no_email@example.com,000-000-0000
 Alice ,25,70000,Male,IT,Manager,2018-04-05,A,email@example.com,555-555-5555
 Jack ,25,55000,Other,Sales,Clerk,,F,no_email@example.com, 
 Alice ,30,65000,Other,Sales,Assistant,2018-04-05,F,email@example.com,098-765-4321
 David ,50,65000,Female,IT,Clerk,,B,no_email@example.com,123-456-7890
 Hannah ,25,60216,Other,Marketing,Director,,A,no_email@example.com, 
 Eve ,35,55000,Other,IT,Clerk,2018-04-05,B,no_email@example.com, 
 Bob ,50,60216,Female,Sales,Assistant,,F,no_email@example.com,123-456-7890
 Frank ,35,55000,Female,Sales,Assistant,,F,name@company.org, 
 Eve ,25,60000,Female,Finance,Assistant,2018-04-05,D,email@example.com,555-555-5555
 Bob ,25,65000,Female,Finance,Director,,B,name@company.org, 
 Charlie ,30,65000,Other,HR,Assistant,2018-04-05,B,email@example.com,555-555-5555
 Ivy ,25,60000,Other,Sales,Manager,2018-04-05,A,user@domain.com,098-765-4321
 Grace ,50,50000,Male,Finance,Assistant,,A,no_email@example.com,098-765-4321
 Grace ,50,60216,Male,IT,Clerk,,D,user@domain.com,000-000-0000
 Frank ,50,60000,Other,Marketing,Clerk,,C,user@domain.com,555-555-5555
 Hannah ,30,60216,Male,IT,Clerk,,C,email@example.com,098-765-4321
 David ,30,70000,Other,Marketing,Director,2018-04-05,C,name@company.org, 
 Hannah ,25,65000,Male,Finance,Clerk,,B,no_email@example.com,123-456-7890
 David ,30,60216,Female,HR,Director,,B,email@example.com,123-456-7890
 Hannah ,30,55000,Male,IT,Director,,F,no_email@example.com,555-555-5555
 Ivy ,30,60216,Female,IT,Assistant,,B,user@domain.com,000-000-0000
 Charlie ,25,70000,Female,IT,Manager,,B,no_email@example.com, 
 Charlie ,30,65000,Female,Marketing,Assistant,,B,name@company.org,555-555-5555
 Bob ,25,60000,Female,Finance,Assistant,,D,email@example.com,123-456-7890
 Jack ,25,70000,Male,IT,Director,,B,name@company.org,555-555-5555
 Charlie ,25,65000,Other,IT,Director,,A,name@company.org, 
 Charlie ,40,60216,Female,HR,Clerk,,A,email@example.com,098-765-4321
 Eve ,50,50000,Male,HR,Clerk,,F,name@company.org, 
 Eve ,25,50000,Female,Finance,Assistant,,D,no_email@example.com,098-765-4321
 Bob ,40,55000,Male,Finance,Analyst,,A,no_email@example.com,098-765-4321
 Jack ,30,65000,Male,Sales,Analyst,,D,no_email@example.com,098-765-4321
 Frank ,30,50000,Male,HR,Clerk,,D,no_email@example.com,555-555-5555
 Eve ,50,60000,Other,Sales,Analyst,,F,name@company.org,123-456-7890
 Frank ,30,65000,Male,Marketing,Clerk,,D,email@example.com,555-555-5555
 Alice ,50,60000,Male,Sales,Director,,B,email@example.com,123-456-7890
 Eve ,30,60000,Other,IT,Assistant,,D,no_email@example.com, 
 Ivy ,50,50000,Other,Sales,Manager,,F,email@example.com,000-000-0000
 Jack ,30,65000,Male,Finance,Assistant,,F,no_email@example.com, 
 Bob ,30,60216,Other,Marketing,Clerk,,F,name@company.org,555-555-5555
 Alice ,30,70000,Female,IT,Clerk,,A,email@example.com,555-555-5555
 Jack ,30,50000,Female,Sales,Assistant,,B,email@example.com,123-456-7890
 Ivy ,30,50000,Other,Marketing,Clerk,,A,user@domain.com,555-555-5555
 Jack ,25,60216,Other,Marketing,Analyst,2018-04-05,C,user@domain.com,098-765-4321
 Ivy ,35,65000,Male,IT,Analyst,2018-04-05,B,user@domain.com,555-555-5555
 Ivy ,40,65000,Other,Sales,Clerk,,D,name@company.org,123-456-7890
 Frank ,35,60000,Male,Marketing,Clerk,,F,no_email@example.com,123-456-7890
 Hannah ,35,60216,Female,Marketing,Analyst,,C,no_email@example.com,098-765-4321
 Alice ,50,60216,Other,HR,Clerk,,B,no_email@example.com,123-456-7890
 Jack ,25,65000,Male,Marketing,Clerk,,A,name@company.org,000-000-0000
 David ,50,60000,Male,HR,Assistant,,F,name@company.org, 
 Alice ,25,50000,Female,Sales,Manager,,A,user@domain.com,555-555-5555
 Hannah ,25,55000,Other,Sales,Analyst,,B,email@example.com,000-000-0000
 Alice ,30,70000,Female,Sales,Assistant,,B,no_email@example.com,555-555-5555
 Charlie ,30,50000,Male,Finance,Manager,2018-04-05,C,no_email@example.com,000-000-0000
 David ,30,65000,Male,Sales,Clerk,2018-04-05,D,email@example.com,555-555-5555
 Hannah ,30,70000,Other,Marketing,Clerk,,A,user@domain.com,098-765-4321
 Frank ,50,55000,Male,IT,Assistant,,C,email@example.com,123-456-7890
 Jack ,30,55000,Other,HR,Clerk,,F,email@example.com,123-456-7890
 Grace ,50,60000,Female,Finance,Director,,D,no_email@example.com,098-765-4321
 Hannah ,35,70000,Other,Sales,Assistant,,C,user@domain.com,000-000-0000
 Bob ,35,60000,Other,Sales,Manager,,A,name@company.org, 
 Jack ,30,50000,Male,IT,Assistant,2018-04-05,B,no_email@example.com,000-000-0000
 Hannah ,30,60216,Male,IT,Analyst,,F,name@company.org,123-456-7890
 Charlie ,50,60216,Other,Finance,Assistant,,A,user@domain.com, 
 Grace ,30,60216,Male,HR,Clerk,,D,email@example.com,555-555-5555
 Charlie ,50,70000,Male,Sales,Clerk,,D,no_email@example.com, 
 Grace ,30,60216,Male,Finance,Director,2018-04-05,B,no_email@example.com,000-000-0000
 Bob ,35,50000,Other,Marketing,Director,,B,user@domain.com,098-765-4321
 Jack ,25,60000,Male,Marketing,Director,,F,no_email@example.com,555-555-5555
 Frank ,30,70000,Other,Finance,Manager,,F,name@company.org,000-000-0000
 Charlie ,30,60000,Male,Sales,Director,,B,no_email@example.com,555-555-5555
 Charlie ,50,70000,Female,Finance,Manager,,B,user@domain.com, 
 Ivy ,35,60000,Male,Sales,Director,,D,user@domain.com,123-456-7890
 Grace ,30,55000,Male,IT,Manager,,B,name@company.org,000-000-0000
 Eve ,50,60000,Other,Finance,Assistant,2018-04-05,C,no_email@example.com,098-765-4321
 Jack ,30,60216,Other,Sales,Assistant,,A,no_email@example.com, 
 Grace ,30,55000,Male,Finance,Clerk,,B,email@example.com,000-000-0000
 Ivy ,40,60000,Female,Finance,Manager,,F,no_email@example.com,098-765-4321
 Alice ,25,70000,Male,Sales,Analyst,,C,user@domain.com,000-000-0000
 Grace ,40,70000,Male,Sales,Clerk,2018-04-05,F,email@example.com, 
 Frank ,35,70000,Female,HR,Assistant,,C,user@domain.com,000-000-0000
 Jack ,30,65000,Other,Finance,Manager,2018-04-05,B,email@example.com,555-555-5555
 Ivy ,35,50000,Male,Marketing,Director,,A,no_email@example.com, 
 Alice ,50,70000,Other,Finance,Analyst,,F,email@example.com,000-000-0000
 David ,30,55000,Other,Finance,Assistant,2018-04-05,C,user@domain.com,123-456-7890
 Ivy ,40,70000,Female,Sales,Clerk,2018-04-05,D,no_email@example.com,000-000-0000
 David ,40,65000,Female,Finance,Manager,,B,user@domain.com,555-555-5555
 Jack ,40,60216,Other,Finance,Analyst,,A,name@company.org,098-765-4321
 Charlie ,35,55000,Male,Marketing,Manager,2018-04-05,B,name@company.org,098-765-4321
 Ivy ,30,65000,Other,Sales,Director,,D,name@company.org,098-765-4321
 Bob ,30,60216,Male,Finance,Clerk,,A,name@company.org,123-456-7890
 David ,50,55000,Male,IT,Manager,,D,no_email@example.com,555-555-5555
 Frank ,30,60000,Female,HR,Assistant,,B,no_email@example.com, 
 Bob ,35,50000,Male,Marketing,Clerk,2018-04-05,C,no_email@example.com,098-765-4321
 Hannah ,50,50000,Male,Finance,Assistant,,B,user@domain.com,555-555-5555
 Hannah ,40,65000,Other,IT,Manager,2018-04-05,B,email@example.com,000-000-0000
 Alice ,25,60216,Female,Finance,Clerk,,B,user@domain.com,123-456-7890
 Charlie ,35,50000,Male,Finance,Assistant,,F,user@domain.com,555-555-5555
 Jack ,35,60216,Male,Sales,Director,,D,user@domain.com,555-555-5555
 Ivy ,30,60216,Female,Sales,Director,,D,user@domain.com, 
 Eve ,30,65000,Other,Sales,Manager,2018-04-05,D,no_email@example.com,555-555-5555
 Frank ,35,65000,Female,IT,Clerk,2018-04-05,F,email@example.com, 
 David ,35,65000,Female,Finance,Analyst,,C,user@domain.com,123-456-7890
 Jack ,40,50000,Male,HR,Clerk,,B,no_email@example.com,123-456-7890
 Bob ,40,65000,Male,Marketing,Director,,C,user@domain.com,000-000-0000
 Hannah ,50,50000,Other,Sales,Assistant,,F,name@company.org, 
 Frank ,25,65000,Male,Sales,Analyst,,D,user@domain.com, 
 Eve ,30,70000,Male,Finance,Manager,,B,user@domain.com,098-765-4321
 Ivy ,25,60216,Female,Finance,Analyst,,A,no_email@example.com,098-765-4321
 Alice ,50,65000,Male,IT,Manager,,A,name@company.org,000-000-0000
 Eve ,40,55000,Other,IT,Analyst,,C,email@example.com,123-456-7890
 Frank ,30,60216,Female,Sales,Manager,,D,user@domain.com,098-765-4321
 Eve ,40,60216,Other,Finance,Manager,,A,email@example.com,555-555-5555
 Frank ,30,65000,Female,HR,Analyst,,C,name@company.org,123-456-7890
 Frank ,40,60000,Male,Marketing,Analyst,,F,user@domain.com,555-555-5555
 Grace ,30,65000,Female,Finance,Manager,2018-04-05,C,no_email@example.com, 
 David ,30,60216,Female,Finance,Director,,C,no_email@example.com,123-456-7890
 Hannah ,30,55000,Male,IT,Analyst,2018-04-05,C,no_email@example.com,000-000-0000
 Grace ,50,60216,Male,Marketing,Clerk,2018-04-05,B,no_email@example.com, 
 Ivy ,30,55000,Other,Sales,Assistant,,C,no_email@example.com, 
 Grace ,30,50000,Other,Finance,Manager,,C,no_email@example.com,555-555-5555
 Charlie ,30,70000,Male,Sales,Manager,,B,no_email@example.com, 
 Charlie ,25,60216,Male,Finance,Assistant,,B,user@domain.com,098-765-4321
 Hannah ,35,65000,Male,Sales,Director,2018-04-05,F,email@example.com,123-456-7890
 Eve ,25,50000,Female,Marketing,Assistant,,D,email@example.com,098-765-4321
 David ,30,70000,Female,IT,Analyst,,A,no_email@example.com,555-555-5555
 Hannah ,30,65000,Female,Marketing,Assistant,,A,no_email@example.com,555-555-5555
 Frank ,40,60000,Male,HR,Manager,,C,name@company.org,123-456-7890
 Bob ,30,65000,Other,IT,Assistant,,F,no_email@example.com, 
 David ,30,55000,Male,Marketing,Clerk,,C,no_email@example.com,000-000-0000
 David ,30,55000,Female,HR,Analyst,,A,no_email@example.com,555-555-5555
 Frank ,30,60000,Female,Finance,Assistant,2018-04-05,B,user@domain.com,123-456-7890
 Frank ,30,50000,Male,Finance,Manager,,D,user@domain.com,000-000-0000
 Alice ,50,70000,Male,Sales,Analyst,,F,email@example.com, 
 Hannah ,30,65000,Female,IT,Manager,,B,email@example.com,555-555-5555
 Frank ,35,55000,Female,Finance,Director,,D,name@company.org,123-456-7890
 Charlie ,35,50000,Female,IT,Clerk,,F,name@company.org,123-456-7890
 Ivy ,30,60000,Male,Finance,Director,,F,name@company.org,123-456-7890
 Bob ,50,60216,Female,Sales,Clerk,,A,name@company.org,555-555-5555
 Hannah ,40,55000,Female,Marketing,Assistant,,B,no_email@example.com,000-000-0000
 Jack ,30,60000,Other,Sales,Analyst,2018-04-05,F,no_email@example.com,123-456-7890
 Charlie ,35,65000,Male,HR,Assistant,,F,email@example.com, 
 Eve ,40,70000,Other,Finance,Clerk,,D,user@domain.com,123-456-7890
 Frank ,30,55000,Other,HR,Clerk,,A,user@domain.com,000-000-0000
 Jack ,40,55000,Female,HR,Clerk,,C,no_email@example.com,555-555-5555
 Frank ,25,65000,Male,IT,Manager,,A,no_email@example.com,123-456-7890
 David ,35,60216,Female,Finance,Analyst,,C,name@company.org,123-456-7890
 Charlie ,30,50000,Male,HR,Assistant,2018-04-05,B,name@company.org, 
 David ,30,70000,Other,Marketing,Assistant,,B,no_email@example.com, 
 Alice ,50,55000,Male,HR,Director,,F,user@domain.com,123-456-7890
 David ,30,70000,Female,Marketing,Clerk,2018-04-05,B,name@company.org,123-456-7890
 Alice ,30,55000,Female,IT,Clerk,,F,user@domain.com, 
 Alice ,50,70000,Female,HR,Clerk,,A,no_email@example.com,000-000-0000
 Jack ,50,60000,Male,Sales,Assistant,,B,user@domain.com,098-765-4321
 Frank ,30,55000,Other,IT,Director,,A,user@domain.com,098-765-4321
 Eve ,40,70000,Other,Marketing,Manager,,A,user@domain.com,123-456-7890
 David ,40,50000,Male,IT,Analyst,2018-04-05,B,name@company.org, 
 Charlie ,50,60000,Female,HR,Manager,,A,email@example.com,555-555-5555
 Alice ,40,60000,Other,Finance,Assistant,,B,no_email@example.com,555-555-5555
 Frank ,25,50000,Female,Finance,Clerk,,B,user@domain.com,098-765-4321
 Bob ,50,70000,Male,Marketing,Analyst,2018-04-05,B,user@domain.com,000-000-0000
 Hannah ,50,65000,Female,Marketing,Assistant,,C,user@domain.com,098-765-4321
 Jack ,30,50000,Other,Finance,Assistant,,A,email@example.com,123-456-7890
 Eve ,40,70000,Other,Marketing,Assistant,,D,no_email@example.com,000-000-0000
 Grace ,50,50000,Female,IT,Analyst,,B,name@company.org,555-555-5555
 Jack ,25,50000,Male,Sales,Analyst,,A,email@example.com, 
 Bob ,30,55000,Female,Sales,Director,,F,user@domain.com, 
 Hannah ,30,70000,Male,IT,Director,,B,email@example.com,123-456-7890
 Bob ,50,65000,Female,Sales,Manager,,B,email@example.com,098-765-4321
 David ,25,55000,Other,HR,Analyst,2018-04-05,D,email@example.com,123-456-7890
 Alice ,35,50000,Male,IT,Analyst,,C,no_email@example.com, 
 Eve ,25,60216,Male,Marketing,Analyst,,C,no_email@example.com,555-555-5555
 Ivy ,25,50000,Male,IT,Director,,B,name@company.org, 
 Alice ,30,50000,Other,Finance,Assistant,,A,no_email@example.com,000-000-0000
 Ivy ,30,70000,Female,Marketing,Clerk,,F,no_email@example.com, 
 Hannah ,35,70000,Other,Finance,Director,,F,no_email@example.com, 
 Frank ,40,55000,Male,Marketing,Analyst,,A,no_email@example.com,000-000-0000
 Grace ,40,65000,Female,Sales,Director,,B,email@example.com,098-765-4321
 Charlie ,25,55000,Other,IT,Manager,,F,email@example.com, 
 Alice ,30,60000,Male,HR,Analyst,,C,user@domain.com,123-456-7890
 Eve ,30,50000,Male,Marketing,Manager,,A,no_email@example.com, 
 Bob ,40,60216,Other,Marketing,Analyst,,D,user@domain.com,123-456-7890
 Eve ,35,50000,Other,Finance,Director,,B,name@company.org,000-000-0000
 Hannah ,30,50000,Other,Sales,Assistant,,A,email@example.com, 
 Ivy ,35,55000,Male,Finance,Clerk,,F,name@company.org,000-000-0000
 Bob ,50,60216,Other,Finance,Manager,2018-04-05,B,no_email@example.com,000-000-0000
 Charlie ,50,60216,Male,Sales,Director,,C,email@example.com,098-765-4321
 Charlie ,30,60216,Other,HR,Assistant,,B,name@company.org, 
 Alice ,40,55000,Male,Finance,Director,2018-04-05,B,no_email@example.com,123-456-7890
 Hannah ,30,50000,Male,Finance,Manager,2018-04-05,C,name@company.org,123-456-7890
 Frank ,30,55000,Female,Marketing,Clerk,,C,no_email@example.com, 
 Hannah ,50,70000,Other,Sales,Director,,B,no_email@example.com,098-765-4321
 Ivy ,25,70000,Other,IT,Analyst,,C,email@example.com,098-765-4321
 Eve ,25,55000,Male,HR,Assistant,2018-04-05,A,user@domain.com,098-765-4321
 Charlie ,40,60216,Male,HR,Director,,C,no_email@example.com,123-456-7890
 Eve ,30,50000,Male,Sales,Assistant,,C,no_email@example.com,000-000-0000
 Eve ,35,55000,Female,Marketing,Analyst,,B,email@example.com,098-765-4321
 Eve ,30,55000,Female,Marketing,Clerk,,A,user@domain.com,123-456-7890
 Charlie ,25,55000,Male,Sales,Clerk,2018-04-05,D,no_email@example.com,123-456-7890
 Jack ,25,60000,Other,Marketing,Analyst,2018-04-05,D,no_email@example.com,000-000-0000
 David ,50,70000,Other,HR,Assistant,,F,user@domain.com, 
 Ivy ,30,60216,Female,HR,Director,,C,name@company.org, 
 Jack ,30,65000,Female,IT,Analyst,,C,email@example.com,098-765-4321
 Ivy ,25,60216,Male,Sales,Manager,,A,user@domain.com,098-765-4321
 Bob ,35,65000,Other,Finance,Assistant,,D,no_email@example.com,000-000-0000
 Hannah ,40,60000,Male,Finance,Clerk,,F,no_email@example.com,098-765-4321
 Hannah ,40,55000,Female,IT,Analyst,2018-04-05,A,no_email@example.com,000-000-0000
 Grace ,30,60000,Other,IT,Clerk,,C,no_email@example.com,123-456-7890
 Hannah ,40,60000,Other,Marketing,Assistant,,D,email@example.com,098-765-4321
 Charlie ,25,50000,Female,IT,Clerk,,F,no_email@example.com,123-456-7890
 Frank ,25,70000,Male,IT,Analyst,,B,user@domain.com,555-555-5555
 Alice ,30,65000,Male,Finance,Assistant,,D,no_email@example.com,000-000-0000
 Grace ,30,55000,Other,Marketing,Manager,2018-04-05,F,name@company.org,555-555-5555
 Alice ,50,65000,Female,IT,Analyst,,A,user@domain.com,098-765-4321
 Ivy ,30,60216,Other,IT,Director,2018-04-05,B,email@example.com,123-456-7890
 Alice ,35,65000,Female,Marketing,Analyst,,F,user@domain.com,098-765-4321
 Alice ,40,60216,Male,Sales,Assistant,,F,name@company.org,555-555-5555
 Grace ,30,70000,Female,Marketing,Analyst,2018-04-05,C,email@example.com,098-765-4321
 Bob ,30,60216,Male,Finance,Manager,,D,no_email@example.com, 
 Eve ,50,65000,Female,Sales,Manager,2018-04-05,C,name@company.org,555-555-5555
 Hannah ,30,65000,Other,HR,Director,,B,email@example.com,098-765-4321
 Hannah ,25,60216,Male,Marketing,Clerk,,F,no_email@example.com,123-456-7890
 Charlie ,40,60000,Other,Finance,Assistant,,C,user@domain.com,098-765-4321
 Grace ,30,70000,Other,Sales,Assistant,,D,email@example.com,123-456-7890
 Charlie ,30,50000,Male,Marketing,Clerk,,B,user@domain.com, 
 Frank ,40,55000,Male,IT,Manager,,A,no_email@example.com,098-765-4321
 Frank ,25,65000,Other,Marketing,Manager,,C,email@example.com, 
 Charlie ,35,55000,Other,HR,Analyst,,B,no_email@example.com,555-555-5555
 Grace ,50,50000,Other,Marketing,Director,,A,name@company.org,123-456-7890
 Charlie ,40,55000,Other,Sales,Director,,C,email@example.com,555-555-5555
 Hannah ,40,50000,Male,Sales,Director,,B,no_email@example.com,123-456-7890
 Jack ,35,60216,Male,Marketing,Analyst,,B,email@example.com, 
 David ,40,60000,Other,Sales,Director,2018-04-05,C,user@domain.com,000-000-0000
 Alice ,25,65000,Female,IT,Clerk,,B,email@example.com,098-765-4321
 David ,25,50000,Female,Marketing,Analyst,,F,no_email@example.com, 
 Grace ,35,55000,Male,IT,Clerk,,C,email@example.com,123-456-7890
 David ,50,65000,Other,IT,Analyst,2018-04-05,B,name@company.org,123-456-7890
 Frank ,30,60000,Other,Finance,Director,2018-04-05,A,email@example.com,123-456-7890
 Ivy ,30,60216,Male,Marketing,Clerk,,A,user@domain.com,123-456-7890
 Alice ,30,65000,Female,Sales,Clerk,,F,email@example.com,098-765-4321
 Eve ,40,50000,Female,IT,Clerk,,C,no_email@example.com,555-555-5555
 Grace ,30,60000,Female,Finance,Analyst,2018-04-05,B,no_email@example.com,000-000-0000
 Alice ,35,55000,Male,Marketing,Assistant,,B,email@example.com,098-765-4321
 David ,35,60000,Female,Marketing,Director,2018-04-05,A,email@example.com,123-456-7890
 Frank ,50,60000,Male,HR,Clerk,,F,name@company.org,098-765-4321
 Bob ,30,70000,Male,HR,Assistant,2018-04-05,A,no_email@example.com, 
 Jack ,25,60000,Other,IT,Director,2018-04-05,A,no_email@example.com,123-456-7890
 Eve ,30,60000,Female,HR,Director,,F,user@domain.com,000-000-0000
 Jack ,40,65000,Male,IT,Clerk,,C,email@example.com,123-456-7890
 Alice ,25,55000,Female,Sales,Clerk,,B,no_email@example.com,000-000-0000
 Frank ,35,65000,Female,IT,Analyst,,C,user@domain.com,000-000-0000
 Frank ,30,65000,Other,HR,Assistant,,D,no_email@example.com,555-555-5555
 David ,30,50000,Female,Sales,Assistant,,D,no_email@example.com,555-555-5555
 Hannah ,50,65000,Other,HR,Clerk,,D,no_email@example.com,098-765-4321
 David ,30,70000,Male,IT,Director,,F,user@domain.com,098-765-4321
 Hannah ,50,70000,Female,Finance,Clerk,,A,no_email@example.com,000-000-0000
 Hannah ,40,50000,Male,Marketing,Director,,C,no_email@example.com,123-456-7890
 Eve ,30,60216,Female,HR,Director,2018-04-05,B,no_email@example.com, 
 David ,30,55000,Male,IT,Clerk,,D,no_email@example.com, 
 Bob ,30,55000,Female,Sales,Manager,,C,no_email@example.com,123-456-7890
 Charlie ,30,65000,Female,HR,Assistant,,D,name@company.org,123-456-7890
 Charlie ,30,65000,Female,HR,Director,,D,user@domain.com,555-555-5555
 David ,40,60216,Female,Marketing,Director,,B,no_email@example.com, 
 David ,25,65000,Female,IT,Manager,,F,no_email@example.com,000-000-0000
 Jack ,40,55000,Female,Finance,Analyst,,A,user@domain.com,098-765-4321
 Eve ,50,60000,Female,Sales,Manager,,F,user@domain.com,555-555-5555
 David ,40,70000,Female,IT,Manager,,C,user@domain.com, 
 Jack ,50,60000,Female,Sales,Director,,F,user@domain.com,123-456-7890
 Hannah ,30,60000,Male,HR,Assistant,,C,email@example.com, 
 Frank ,25,55000,Other,Marketing,Manager,,C,no_email@example.com,000-000-0000
 Frank ,30,60000,Female,Marketing,Analyst,,A,email@example.com,555-555-5555
 Hannah ,35,60216,Other,Finance,Clerk,2018-04-05,B,no_email@example.com,123-456-7890
 Grace ,30,50000,Female,Marketing,Manager,2018-04-05,A,no_email@example.com,000-000-0000
 Jack ,50,65000,Female,HR,Manager,,F,no_email@example.com,098-765-4321
 Jack ,30,50000,Male,Finance,Analyst,2018-04-05,C,no_email@example.com,555-555-5555
 Hannah ,30,70000,Male,IT,Assistant,,D,user@domain.com,000-000-0000
 Bob ,25,65000,Other,Marketing,Manager,2018-04-05,D,email@example.com,000-000-0000
 Ivy ,30,60000,Male,Finance,Manager,,C,user@domain.com,123-456-7890
